Điện thoại máy tính bảng,https://tiki.vn/dien-thoai-may-tinh-bang/c1789
Laptop,https://tiki.vn/laptop/c8095
Thời trang nữ,https://tiki.vn/thoi-trang-nu/c931
Thời trang nam,https://tiki.vn/thoi-trang-nam/c915
Giày dép nữ,https://tiki.vn/giay-dep-nu/c1703
Giày dép nam,https://tiki.vn/giay-dep-nam/c1686
Đồng hồ và trang sức,https://tiki.vn/dong-ho-va-trang-suc/c8371
Làm đẹp - sức khỏe,https://tiki.vn/lam-dep-suc-khoe/c1520
Điện gia dụng,https://tiki.vn/dien-gia-dung/c1882
Nhà sách Tiki,https://tiki.vn/sach-truyen-tieng-viet/c316
Đồ chơi,https://tiki.vn/do-choi/c5250